College,Year,Player,GP,GS,MIN,G,A,PTS,PTS/G,SH,SH/G,SOG,YC,RC,GW,PK-ATT
Luther,2022,"Vila, Marcos",8,8,521:00,8,4,20,2.50,28,3.50,19,0,0,2,"
1-1
"
Luther,2022,"Overberg, Will",8,8,461:00,4,6,14,1.75,23,2.88,13,0,0,1,"
0-0
"
Luther,2022,"Oliviera, Luiz",8,0,137:00,3,1,7,.88,6,.75,4,0,0,0,"
0-0
"
Luther,2022,"Figueroa, Luis",8,3,301:00,2,2,6,.75,9,1.13,6,0,0,1,"
0-0
"
Luther,2022,"Ouro-Akondo, Faydane",8,8,458:00,2,1,5,.63,16,2.00,9,2,0,0,"
0-1
"
Luther,2022,"Pastor Valls, Javier",8,8,471:00,1,2,4,.50,25,3.13,9,0,0,0,"
0-0
"
Luther,2022,"Bolte, Ben",8,0,224:00,2,0,4,.50,3,.38,2,0,0,0,"
0-0
"
Luther,2022,"Curvo, Joao",8,0,218:00,1,1,3,.38,8,1.00,4,0,0,0,"
0-0
"
Luther,2022,"Ouro-Akondo, Ramzi",8,8,562:00,1,0,2,.25,4,.50,2,0,0,0,"
0-0
"
Luther,2022,"Alvarez Casaro, Fel",7,0,227:00,1,0,2,.29,7,1.00,2,0,0,0,"
0-0
"
Luther,2022,"Leite, Gian",8,0,174:00,1,0,2,.25,6,.75,3,1,0,0,"
1-1
"
Luther,2022,"Barrett, Danny",5,0,62:00,1,0,2,.40,2,.40,1,0,0,0,"
0-0
"
Luther,2022,"Gimenez, Jose",8,8,548:00,0,1,1,.13,2,.25,1,0,1,0,"
0-0
"
Luther,2022,"Lopez-Barriga, Enrique",4,0,64:00,0,1,1,.25,2,.50,0,0,0,0,"
0-0
"
Luther,2022,"Crisanto, Ricardo",8,0,271:00,0,1,1,.13,0,.00,0,0,0,0,"
0-0
"
Luther,2022,"Manzanet, Hernan",8,8,621:00,0,1,1,.13,5,.63,1,0,0,0,"
0-0
"
Luther,2022,"Dörholt, Max",4,0,95:00,0,0,0,.00,1,.25,0,0,0,0,"
0-0
"
Luther,2022,"Niggli, Janik",3,0,58:00,0,0,0,.00,0,.00,0,0,0,0,"
0-0
"
Luther,2022,"Gamballi, Rafael",1,0,12:00,0,0,0,.00,0,.00,0,0,0,0,"
0-0
"
Luther,2022,"Lechner, Lenny",1,0,03:00,0,0,0,.00,0,.00,0,0,0,0,"
0-0
"
Luther,2022,"Ducklow, Ethan",8,5,220:00,0,0,0,.00,5,.63,0,0,0,0,"
0-0
"
Luther,2022,"Zadig, Hugo",4,0,130:00,0,0,0,.00,0,.00,0,0,0,0,"
0-0
"
Luther,2022,"Wake, Caleb",8,1,159:00,0,0,0,.00,2,.25,1,0,0,0,"
0-0
"
Luther,2022,"Nasciemento, Tharles",3,0,34:00,0,0,0,.00,0,.00,0,0,1,0,"
0-0
"
Luther,2022,"Vue, Sam",3,0,34:00,0,0,0,.00,0,.00,0,1,0,0,"
0-0
"
Luther,2022,"Erickson, Carter",3,0,32:00,0,0,0,.00,0,.00,0,0,0,0,"
0-0
"
Luther,2022,"Valentine, William",8,8,433:00,0,0,0,.00,7,.88,0,2,0,0,"
0-0
"
Luther,2022,"Murillo, Jorge",1,0,03:00,0,0,0,.00,0,.00,0,0,0,0,"
0-0
"
Luther,2022,"Wackerfuss, Josh",2,0,21:00,0,0,0,.00,0,.00,0,0,0,0,"
0-0
"
Luther,2022,"Munoz, Javier",2,0,19:00,0,0,0,.00,0,.00,0,0,0,0,"
0-0
"
Luther,2022,"McFarland, Gavin",4,0,29:00,0,0,0,.00,0,.00,0,0,0,0,"
0-0
"
Luther,2022,"Ferrandez, Raul",7,7,507:00,0,0,0,.00,4,.57,0,1,0,0,"
0-0
"
Luther,2022,"Monteiro, Lucas",3,0,97:00,0,0,0,.00,0,.00,0,1,0,0,"
0-0
"
Luther,2022,"Haroldson, Kai",3,0,78:00,0,0,0,.00,0,.00,0,0,0,0,"
0-0
"
Luther,2022,"Berg, Casey",1,0,45:00,0,0,0,.00,0,.00,0,0,0,0,"
0-0
"
Luther,2022,"Bell, Jack",8,8,597:00,0,0,0,.00,0,.00,0,0,0,0,"
0-0
"
Simpson,2022,Baraka Ellie,8,8,625:00,4,2,10,1.25,31,3.88,15,1,0,1,"
1-2
"
Simpson,2022,Ronaldo Ordaz-Zambra,8,8,496:00,4,0,8,1.00,39,4.88,22,1,0,2,"
0-0
"
Simpson,2022,Mateaus Lewis,6,6,322:00,3,1,7,1.17,13,2.17,6,3,1,1,"
0-0
"
Simpson,2022,Matt Hasken,8,7,442:00,3,0,6,.75,15,1.88,8,0,0,0,"
0-0
"
Simpson,2022,Alan Imamovic,8,8,631:00,0,5,5,.63,14,1.75,4,0,0,0,"
0-0
"
Simpson,2022,Roderick Orellana,8,8,691:00,1,2,4,.50,10,1.25,4,2,0,0,"
0-0
"
Simpson,2022,Jackson Mears,8,2,247:00,1,1,3,.38,4,.50,4,0,0,0,"
0-0
"
Simpson,2022,Ethan Larbi,1,0,09:00,1,0,2,2.00,1,1.00,1,0,0,0,"
0-0
"
Simpson,2022,Espoire Nkomezi,5,0,89:00,1,0,2,.40,4,.80,1,0,0,0,"
0-0
"
Simpson,2022,Ben Reynolds,4,0,79:00,1,0,2,.50,2,.50,2,0,0,0,"
0-0
"
Simpson,2022,Andrew Russell,8,8,654:00,0,2,2,.25,5,.63,1,2,0,0,"
0-0
"
Simpson,2022,Spencer Young,7,0,121:00,1,0,2,.29,5,.71,1,0,0,0,"
0-0
"
Simpson,2022,Ricardo Ibarra,8,7,584:00,1,0,2,.25,14,1.75,1,2,0,0,"
0-0
"
Simpson,2022,Vander linden Doug,3,0,44:00,0,1,1,.33,0,.00,0,0,0,0,"
0-0
"
Simpson,2022,Alex Aguirre,1,0,14:00,0,1,1,1.00,1,1.00,1,0,0,0,"
0-0
"
Simpson,2022,Louie Hoehle,3,0,92:00,0,1,1,.33,2,.67,2,0,0,0,"
0-0
"
Simpson,2022,"Hoehle, Louis",3,0,66:00,0,0,0,.00,1,.33,0,0,0,0,"
0-0
"
Simpson,2022,Arya Nowroozi,1,0,18:00,0,0,0,.00,0,.00,0,0,0,0,"
0-0
"
Simpson,2022,Cristian Montes,1,0,03:00,0,0,0,.00,0,.00,0,0,0,0,"
0-0
"
Simpson,2022,Levi Culp,1,0,15:00,0,0,0,.00,0,.00,0,0,0,0,"
0-0
"
Simpson,2022,Nate Thompson,1,0,18:00,0,0,0,.00,0,.00,0,0,0,0,"
0-0
"
Simpson,2022,Izec Dingman,1,0,08:00,0,0,0,.00,0,.00,0,0,0,0,"
0-0
"
Simpson,2022,Tyler Hannon,8,8,608:00,0,0,0,.00,1,.13,0,1,0,0,"
0-0
"
Simpson,2022,Logan Rentfrew,1,0,25:00,0,0,0,.00,1,1.00,0,0,0,0,"
0-0
"
Simpson,2022,Turner Reich,2,0,36:00,0,0,0,.00,1,.50,0,0,0,0,"
0-0
"
Simpson,2022,Jack Lammers,8,0,213:00,0,0,0,.00,2,.25,0,1,0,0,"
0-0
"
Simpson,2022,Egide Nishemagizwe,1,0,29:00,0,0,0,.00,2,2.00,0,0,0,0,"
0-0
"
Simpson,2022,Danny Haisch,8,4,575:00,0,0,0,.00,1,.13,0,1,0,0,"
0-0
"
Simpson,2022,Sam Hying,6,5,226:00,0,0,0,.00,2,.33,1,0,0,0,"
0-0
"
Simpson,2022,Peter Gaspari,8,1,154:00,0,0,0,.00,6,.75,3,0,0,0,"
0-0
"
Simpson,2022,Juan Sandoval,1,0,16:00,0,0,0,.00,1,1.00,0,0,0,0,"
0-0
"
Simpson,2022,William Kopp,3,3,180:00,0,0,0,.00,0,.00,0,0,0,0,"
0-0
"
Simpson,2022,Kegan Trebilcock,1,0,27:00,0,0,0,.00,0,.00,0,0,0,0,"
0-0
"
Simpson,2022,Nate Hersom,6,5,495:00,0,0,0,.00,0,.00,0,0,0,0,"
0-0
"
Nebraska Wesleyan,2022,"Lawrence, Logan",7,6,451:00,3,4,10,1.43,11,1.57,7,2,0,0,"
0-0
"
Nebraska Wesleyan,2022,"McGowan, Jackson",8,8,654:00,4,0,8,1.00,7,.88,6,1,0,1,"
0-0
"
Nebraska Wesleyan,2022,"Kohler, Alex",7,7,365:00,3,1,7,1.00,16,2.29,10,1,0,1,"
1-1
"
Nebraska Wesleyan,2022,"Distefano, Thomas",8,4,300:00,3,1,7,.88,7,.88,4,1,0,2,"
0-0
"
Nebraska Wesleyan,2022,"Rhodes, Eli",8,8,490:00,2,2,6,.75,8,1.00,4,1,0,0,"
0-0
"
Nebraska Wesleyan,2022,"Havemeier, Isaac",8,8,713:00,2,1,5,.63,12,1.50,4,1,0,0,"
0-0
"
Nebraska Wesleyan,2022,"Andrade, Bryan",8,7,497:00,2,0,4,.50,16,2.00,9,1,0,0,"
1-1
"
Nebraska Wesleyan,2022,"Hulquest, Jakob",6,0,152:00,0,2,2,.33,1,.17,1,0,0,0,"
0-0
"
Nebraska Wesleyan,2022,"Davidson, Andrew",8,8,514:00,0,2,2,.25,4,.50,2,3,0,0,"
0-0
"
Nebraska Wesleyan,2022,"Vos, Caleb",7,1,206:00,0,2,2,.29,4,.57,1,0,0,0,"
0-0
"
Nebraska Wesleyan,2022,"Kayembe, Biaya",5,0,109:00,0,1,1,.20,0,.00,0,1,0,0,"
0-0
"
Nebraska Wesleyan,2022,"Pascual, Alvaro",7,0,152:00,0,1,1,.14,2,.29,1,0,0,0,"
0-0
"
Nebraska Wesleyan,2022,"Miller, Jacob",7,1,155:00,0,0,0,.00,0,.00,0,0,0,0,"
0-0
"
Nebraska Wesleyan,2022,"Brickman, Nick",7,0,139:00,0,0,0,.00,6,.86,3,0,0,0,"
0-0
"
Nebraska Wesleyan,2022,"Garcia, Jacob",7,0,92:00,0,0,0,.00,2,.29,1,0,0,0,"
0-0
"
Nebraska Wesleyan,2022,"Aguilar, Alex",7,2,352:00,0,0,0,.00,5,.71,2,0,0,0,"
0-0
"
Nebraska Wesleyan,2022,"Waldron, Jackson",7,4,344:00,0,0,0,.00,2,.29,1,0,0,0,"
0-0
"
Nebraska Wesleyan,2022,"Clark, Logan",8,8,659:00,0,0,0,.00,1,.13,1,1,0,0,"
0-0
"
Nebraska Wesleyan,2022,"Wolver, Grady",3,0,30:00,0,0,0,.00,0,.00,0,0,0,0,"
0-0
"
Nebraska Wesleyan,2022,"Le, Johnny",6,1,165:00,0,0,0,.00,0,.00,0,0,0,0,"
0-0
"
Nebraska Wesleyan,2022,"Linsea, Caden",3,0,32:00,0,0,0,.00,0,.00,0,0,0,0,"
0-0
"
Nebraska Wesleyan,2022,"Honan, Evan",5,0,72:00,0,0,0,.00,1,.20,0,0,0,0,"
0-0
"
Nebraska Wesleyan,2022,"Merriman, Jed",3,0,17:00,0,0,0,.00,0,.00,0,0,0,0,"
0-0
"
Nebraska Wesleyan,2022,"Hergott, Chance",8,7,540:00,0,0,0,.00,5,.63,0,0,0,0,"
0-0
"
Nebraska Wesleyan,2022,"Weis, Zachary",8,8,720:00,0,0,0,.00,0,.00,0,0,0,0,"
0-0
"
Loras,2022,"Koutsopanagos, Michael",8,8,537:00,3,1,7,.88,16,2.00,8,0,0,1,"
0-0
"
Loras,2022,"Kucaba, Kevin",7,7,488:00,3,0,6,.86,15,2.14,7,2,0,1,"
0-1
"
Loras,2022,"Donovan, Kyler",4,1,134:00,2,0,4,1.00,4,1.00,4,0,0,1,"
0-0
"
Loras,2022,"Sowell, Taylor",7,7,423:00,1,2,4,.57,11,1.57,4,4,0,0,"
0-0
"
Loras,2022,"Miklavcic, Reed",8,6,321:00,2,0,4,.50,11,1.38,3,0,0,1,"
0-1
"
Loras,2022,"Basinger, Bryan",8,7,578:00,0,3,3,.38,8,1.00,3,0,0,0,"
0-0
"
Loras,2022,"Landa, Jonathan",6,3,165:00,1,1,3,.50,4,.67,2,1,0,0,"
0-0
"
Loras,2022,"Rodriguez, Diego",7,1,216:00,1,1,3,.43,3,.43,1,0,0,1,"
0-0
"
Loras,2022,"Block, Jared",8,8,669:00,1,1,3,.38,16,2.00,9,0,0,0,"
0-1
"
Loras,2022,"Spuri, Nicolò",4,0,63:00,1,0,2,.50,2,.50,1,0,0,0,"
0-0
"
Loras,2022,"Brandt, Michael",7,6,533:00,0,2,2,.29,7,1.00,2,0,0,0,"
0-0
"
Loras,2022,"Bridson, Cole",7,0,121:00,1,0,2,.29,1,.14,1,0,0,0,"
0-0
"
Loras,2022,"Williams, Matthew",7,1,90:00,1,0,2,.29,2,.29,1,0,0,0,"
0-0
"
Loras,2022,"Beausoleil, Alex",8,7,420:00,1,0,2,.25,12,1.50,5,0,0,0,"
0-0
"
Loras,2022,"Ramirez, Felipe",6,6,452:00,0,2,2,.33,9,1.50,2,2,0,0,"
0-0
"
Loras,2022,"Liddell, Zack",3,0,25:00,0,1,1,.33,0,.00,0,0,1,0,"
0-0
"
Loras,2022,"Galiana Torres, Dani",6,0,91:00,0,1,1,.17,2,.33,0,0,0,0,"
0-0
"
Loras,2022,"Ellenbecker, Max",5,2,224:00,0,1,1,.20,0,.00,0,0,0,0,"
0-0
"
Loras,2022,"Ivanuck, Owen",7,0,176:00,0,1,1,.14,3,.43,2,0,0,0,"
0-0
"
Loras,2022,"Woods, Carson",8,0,171:00,0,1,1,.13,2,.25,0,0,0,0,"
0-0
"
Loras,2022,"Sampson, Lucas",6,2,247:00,0,1,1,.17,1,.17,0,0,0,0,"
0-0
"
Loras,2022,"Warfield, Anthony",1,0,01:00,0,0,0,.00,0,.00,0,0,0,0,"
0-0
"
Loras,2022,"Villa, Luis",1,0,06:00,0,0,0,.00,0,.00,0,0,0,0,"
0-0
"
Loras,2022,"Perry, Brant",1,0,11:00,0,0,0,.00,1,1.00,0,0,0,0,"
0-0
"
Loras,2022,"Filian, Kevin",1,0,02:00,0,0,0,.00,0,.00,0,0,0,0,"
0-0
"
Loras,2022,"Hernandez, Jeffrey",1,0,17:00,0,0,0,.00,0,.00,0,0,0,0,"
0-0
"
Loras,2022,"Pienkowski, Garrett",2,0,19:00,0,0,0,.00,0,.00,0,0,0,0,"
0-0
"
Loras,2022,"Ruiz, Isaac",2,0,45:00,0,0,0,.00,0,.00,0,0,0,0,"
0-0
"
Loras,2022,"Reid, Noah",8,1,196:00,0,0,0,.00,1,.13,1,1,0,0,"
0-0
"
Loras,2022,"Meyer, Alec",1,0,02:00,0,0,0,.00,0,.00,0,0,0,0,"
0-0
"
Loras,2022,"Underwood, Jacob",3,0,47:00,0,0,0,.00,0,.00,0,0,0,0,"
0-0
"
Loras,2022,"Cardenas, Jose",7,7,610:00,0,0,0,.00,1,.14,0,0,0,0,"
0-0
"
Loras,2022,"Russo, Antonio",2,0,38:00,0,0,0,.00,0,.00,0,0,0,0,"
0-0
"
Loras,2022,"Kelly, Ethan",2,0,06:00,0,0,0,.00,0,.00,0,0,0,0,"
0-0
"
Loras,2022,"Krogman, Ben",7,6,579:00,0,0,0,.00,0,.00,0,0,0,0,"
0-0
"
Loras,2022,"Johnson, Owen",2,2,141:00,0,0,0,.00,0,.00,0,1,0,0,"
0-0
"
Dubuque,2022,"Wooldridge, Gavin",8,8,620:00,2,1,5,.63,14,1.75,4,1,0,0,"
0-0
"
Dubuque,2022,"Krenger, Josh",6,6,539:00,1,0,2,.33,2,.33,2,0,0,1,"
0-0
"
Dubuque,2022,"Kaup, Brandon",8,4,248:00,1,0,2,.25,3,.38,2,1,0,1,"
0-0
"
Dubuque,2022,"Baba Traore, Akim",2,0,21:00,1,0,2,1.00,2,1.00,2,0,0,0,"
0-0
"
Dubuque,2022,"Wiggins, Jonny",5,4,388:00,1,0,2,.40,2,.40,1,0,0,0,"
0-0
"
Dubuque,2022,"Poitry, Michael",4,0,122:00,1,0,2,.50,2,.50,1,0,0,0,"
0-0
"
Dubuque,2022,"Larson, Robert",5,0,104:00,1,0,2,.40,2,.40,2,0,0,0,"
0-0
"
Dubuque,2022,"Von Braun, Lucas",7,7,627:00,1,0,2,.29,11,1.57,7,0,0,1,"
1-1
"
Dubuque,2022,"Dunne, Conor",4,2,181:00,0,1,1,.25,2,.50,1,0,0,0,"
0-0
"
Dubuque,2022,"Hook, Noah",5,2,207:00,0,1,1,.20,5,1.00,2,0,0,0,"
0-0
"
Dubuque,2022,"Kowalski, Carson",8,6,439:00,0,1,1,.13,4,.50,0,1,0,0,"
0-0
"
Dubuque,2022,"Floss, Zach",8,8,597:00,0,1,1,.13,0,.00,0,1,0,0,"
0-0
"
Dubuque,2022,"Persson, Liam",4,0,94:00,0,1,1,.25,4,1.00,2,0,0,0,"
0-0
"
Dubuque,2022,"Littler, Draek",4,1,116:00,0,1,1,.25,2,.50,2,0,0,0,"
0-0
"
Dubuque,2022,"Sad, Johannes",1,0,14:00,0,0,0,.00,0,.00,0,0,0,0,"
0-0
"
Dubuque,2022,"McMaster, Kayden",1,0,06:00,0,0,0,.00,0,.00,0,0,0,0,"
0-0
"
Dubuque,2022,"Chressman, Noah",2,1,32:00,0,0,0,.00,0,.00,0,0,0,0,"
0-0
"
Dubuque,2022,"Meier, Mario",3,0,72:00,0,0,0,.00,1,.33,0,1,0,0,"
0-0
"
Dubuque,2022,"Wisdom, Drew",8,5,376:00,0,0,0,.00,12,1.50,5,1,0,0,"
0-0
"
Dubuque,2022,"Lauridsen, Albin",2,0,41:00,0,0,0,.00,0,.00,0,0,0,0,"
0-0
"
Dubuque,2022,"Sandanger, Lukas",5,3,214:00,0,0,0,.00,1,.20,1,0,0,0,"
0-0
"
Dubuque,2022,"Kalombo, Ruben",3,3,126:00,0,0,0,.00,0,.00,0,0,0,0,"
0-0
"
Dubuque,2022,"Dunne, Connor",1,0,53:00,0,0,0,.00,1,1.00,1,0,0,0,"
0-0
"
Dubuque,2022,"Blaise, Will",5,1,126:00,0,0,0,.00,0,.00,0,0,0,0,"
0-0
"
Dubuque,2022,"Aboagye, Josh",3,1,83:00,0,0,0,.00,0,.00,0,0,0,0,"
0-0
"
Dubuque,2022,"Rainer, Sam",3,0,58:00,0,0,0,.00,1,.33,0,0,0,0,"
0-0
"
Dubuque,2022,"Weiss, Aaron",4,1,199:00,0,0,0,.00,1,.25,0,1,0,0,"
0-0
"
Dubuque,2022,"Serra, Jose",2,0,42:00,0,0,0,.00,0,.00,0,0,0,0,"
0-0
"
Dubuque,2022,"Bruce, Conor",3,0,44:00,0,0,0,.00,0,.00,0,0,0,0,"
0-0
"
Dubuque,2022,"Sandberg, Daniel",1,0,04:00,0,0,0,.00,0,.00,0,0,0,0,"
0-0
"
Dubuque,2022,"Youngstrom, Jakub",8,3,246:00,0,0,0,.00,2,.25,1,0,0,0,"
0-0
"
Dubuque,2022,"Martinez, Dante",4,0,95:00,0,0,0,.00,2,.50,0,0,0,0,"
0-0
"
Dubuque,2022,"Forsberg, Max",2,1,75:00,0,0,0,.00,0,.00,0,0,0,0,"
0-0
"
Dubuque,2022,"Josefsson, Emil",7,7,456:00,0,0,0,.00,5,.71,1,0,0,0,"
0-0
"
Dubuque,2022,"Linnemeyer, Taylor",3,0,64:00,0,0,0,.00,0,.00,0,0,0,0,"
0-0
"
Dubuque,2022,"Friederich, Luca",6,6,454:00,0,0,0,.00,1,.17,0,2,1,0,"
0-0
"
Dubuque,2022,"Liljeberg, Victor",1,0,15:00,0,0,0,.00,0,.00,0,0,0,0,"
0-0
"
Dubuque,2022,"Rastock, Christoffer",1,1,48:00,0,0,0,.00,0,.00,0,0,0,0,"
0-0
"
Dubuque,2022,"Marchiori, Matt",8,7,653:00,0,0,0,.00,0,.00,0,1,0,0,"
0-0
"
Dubuque,2022,"Sereno, David",1,0,19:00,0,0,0,.00,0,.00,0,0,0,0,"
0-0
"
Wartburg,2022,"Kimba, Anzuruni",8,8,533:00,2,2,6,.75,9,1.13,4,1,0,1,"
0-0
"
Wartburg,2022,"Rizvic, Edvin",8,8,562:00,2,1,5,.63,28,3.50,17,1,0,1,"
0-0
"
Wartburg,2022,"Dunn, Michael",7,7,582:00,1,0,2,.29,3,.43,1,0,0,0,"
0-0
"
Wartburg,2022,"Chapman, Payton",7,7,599:00,0,1,1,.14,14,2.00,6,2,1,0,"
0-1
"
Wartburg,2022,"Gossin, Yushin",8,6,390:00,0,1,1,.13,14,1.75,6,1,0,0,"
0-0
"
Wartburg,2022,"Devine, Paul",8,8,648:00,0,0,0,.00,8,1.00,1,1,0,0,"
0-0
"
Wartburg,2022,"Ford, Dom",1,0,06:00,0,0,0,.00,0,.00,0,0,0,0,"
0-0
"
Wartburg,2022,"Mwesigwa-Wansolo, Andrew",6,4,202:00,0,0,0,.00,2,.33,0,0,0,0,"
0-0
"
Wartburg,2022,"Ratzer, Curtis",8,8,720:00,0,0,0,.00,9,1.13,3,0,0,0,"
0-0
"
Wartburg,2022,"Oliviero, Xavier",1,0,06:00,0,0,0,.00,0,.00,0,0,0,0,"
0-0
"
Wartburg,2022,"Wahlberg, Conor",8,0,143:00,0,0,0,.00,0,.00,0,0,0,0,"
0-0
"
Wartburg,2022,"Schimmers, Parker",2,1,138:00,0,0,0,.00,0,.00,0,0,0,0,"
0-0
"
Wartburg,2022,"Halleran, Blake",4,0,40:00,0,0,0,.00,0,.00,0,0,0,0,"
0-0
"
Wartburg,2022,"Hartsell, Landon",6,0,75:00,0,0,0,.00,1,.17,0,0,0,0,"
0-0
"
Wartburg,2022,"Halleran, Caleb",8,8,705:00,0,0,0,.00,5,.63,1,4,0,0,"
0-0
"
Wartburg,2022,"Fahner, Kolby",7,2,259:00,0,0,0,.00,3,.43,2,0,0,0,"
0-0
"
Wartburg,2022,"Dickson, Mitchell",5,0,201:00,0,0,0,.00,8,1.60,4,0,0,0,"
0-0
"
Wartburg,2022,"Praska, Colton",5,0,58:00,0,0,0,.00,2,.40,1,0,0,0,"
0-0
"
Wartburg,2022,"McDevitt, Sam",8,8,669:00,0,0,0,.00,3,.38,1,2,0,0,"
0-0
"
Wartburg,2022,"Valenzuela, Andrew",5,4,362:00,0,0,0,.00,1,.20,0,1,0,0,"
0-0
"
Wartburg,2022,"Elumba, Connor",8,1,274:00,0,0,0,.00,1,.13,1,1,0,0,"
0-0
"
Wartburg,2022,"Mott, Aidan",1,0,06:00,0,0,0,.00,0,.00,0,0,0,0,"
0-0
"
Wartburg,2022,"Woody, Brennon",6,6,540:00,0,0,0,.00,0,.00,0,0,0,0,"
0-0
"
Wartburg,2022,"Haugen, Cameron",2,2,180:00,0,0,0,.00,0,.00,0,0,0,0,"
0-0
"
Central,2022,"Brown, Joe",8,8,524:00,3,2,8,1.00,20,2.50,9,2,0,0,"
0-0
"
Central,2022,"Manuel, Coleman",8,0,258:00,2,0,4,.50,8,1.00,5,0,0,0,"
0-0
"
Central,2022,"Marcon, Alejo",8,6,444:00,1,2,4,.50,4,.50,2,0,0,1,"
0-0
"
Central,2022,"Takahashi, Kosuke",7,5,479:00,1,0,2,.29,2,.29,2,0,0,1,"
0-0
"
Central,2022,"Vasquez, Trysten",8,8,682:00,0,2,2,.25,6,.75,2,0,0,0,"
0-0
"
Central,2022,"Casas, Nathan",8,8,452:00,1,0,2,.25,15,1.88,8,0,0,0,"
0-0
"
Central,2022,"West, Matthew",8,5,431:00,0,2,2,.25,9,1.13,4,1,0,0,"
0-0
"
Central,2022,"Beiner, Derek",8,3,286:00,0,1,1,.13,8,1.00,2,0,0,0,"
0-0
"
Central,2022,"Wilson, Gabe",6,5,404:00,0,1,1,.17,1,.17,1,0,0,0,"
0-0
"
Central,2022,"Hovey, Davis",2,0,09:00,0,0,0,.00,0,.00,0,0,0,0,"
0-0
"
Central,2022,"Rinehart, Devin",1,0,05:00,0,0,0,.00,0,.00,0,0,0,0,"
0-0
"
Central,2022,"Taylor, Spencer",8,8,720:00,0,0,0,.00,5,.63,2,0,0,0,"
0-0
"
Central,2022,"Neuhalfen, Matthew",1,0,03:00,0,0,0,.00,0,.00,0,0,0,0,"
0-0
"
Central,2022,"Zook, Sam",8,0,177:00,0,0,0,.00,3,.38,0,0,0,0,"
0-0
"
Central,2022,"Gymer, Caleb",4,2,120:00,0,0,0,.00,2,.50,1,0,0,0,"
0-0
"
Central,2022,"Banyas, Brandon",4,1,156:00,0,0,0,.00,1,.25,0,0,0,0,"
0-0
"
Central,2022,"Groshek, Jordan",8,7,410:00,0,0,0,.00,4,.50,1,0,0,0,"
0-0
"
Central,2022,"Cannon, Jack",2,0,20:00,0,0,0,.00,0,.00,0,0,0,0,"
0-0
"
Central,2022,"Bartachek, Lucas",3,0,52:00,0,0,0,.00,0,.00,0,1,0,0,"
0-0
"
Central,2022,"Hackett, Evan",6,0,111:00,0,0,0,.00,1,.17,0,0,0,0,"
0-0
"
Central,2022,"Colavita, Nick",5,0,154:00,0,0,0,.00,2,.40,1,0,0,0,"
0-0
"
Central,2022,"Mamola, Solomon",7,0,116:00,0,0,0,.00,2,.29,2,1,0,0,"
0-0
"
Central,2022,"Dzarnowski, Jake",2,1,74:00,0,0,0,.00,0,.00,0,0,0,0,"
0-0
"
Central,2022,"Kuhlman, Nathan",6,1,108:00,0,0,0,.00,0,.00,0,0,0,0,"
0-0
"
Central,2022,"Handel, Michael",8,8,638:00,0,0,0,.00,1,.13,1,1,0,0,"
0-0
"
Central,2022,"Schulte, Kale",5,4,342:00,0,0,0,.00,2,.40,1,2,0,0,"
0-0
"
Central,2022,"Foster, John",8,8,675:00,0,0,0,.00,0,.00,0,1,0,0,"
0-0
"
Central,2022,"Poole, Micah",1,0,45:00,0,0,0,.00,0,.00,0,0,0,0,"
0-0
"
Coe,2022,"Ndayisenga, Jay",6,2,238:00,1,0,2,.33,4,.67,3,0,0,1,"
0-0
"
Coe,2022,"Kearney, Ian",8,7,640:00,1,0,2,.25,17,2.13,5,1,0,0,"
0-0
"
Coe,2022,"Losoya, Alan",8,8,698:00,1,0,2,.25,2,.25,1,1,0,0,"
0-0
"
Coe,2022,"Suarez, Juan",7,6,384:00,1,0,2,.29,8,1.14,4,1,0,0,"
0-0
"
Coe,2022,"Collis, Carter",8,8,661:00,0,1,1,.13,5,.63,3,1,0,0,"
0-0
"
Coe,2022,"Williams, Kevin",8,4,396:00,0,1,1,.13,5,.63,1,0,0,0,"
0-0
"
Coe,2022,"Ito, Kuniaki",8,5,438:00,0,1,1,.13,4,.50,1,0,0,0,"
0-0
"
Coe,2022,"Koch, Brayden",6,5,480:00,0,1,1,.17,1,.17,1,2,0,0,"
0-0
"
Coe,2022,"Eliaquim Braga Farias, Ethan",2,0,62:00,0,0,0,.00,0,.00,0,0,0,0,"
0-0
"
Coe,2022,"Holland, Jr.",3,2,225:00,0,0,0,.00,0,.00,0,0,0,0,"
0-0
"
Coe,2022,"Corley, Mark",7,4,263:00,0,0,0,.00,2,.29,1,0,0,0,"
0-0
"
Coe,2022,"Handrick, Connor",7,3,281:00,0,0,0,.00,1,.14,0,0,0,0,"
0-0
"
Coe,2022,"Sanchez, Sam",8,6,439:00,0,0,0,.00,5,.63,1,0,0,0,"
0-0
"
Coe,2022,"McLean, Mateo",2,0,29:00,0,0,0,.00,0,.00,0,0,0,0,"
0-0
"
Coe,2022,"Brada, Adam",2,0,28:00,0,0,0,.00,0,.00,0,0,0,0,"
0-0
"
Coe,2022,"Wever, Colton",8,8,592:00,0,0,0,.00,2,.25,1,0,0,0,"
0-0
"
Coe,2022,"Ryder, Hudson",6,3,319:00,0,0,0,.00,0,.00,0,0,0,0,"
0-0
"
Coe,2022,"Boughediri, Abdbelha",1,0,12:00,0,0,0,.00,0,.00,0,0,0,0,"
0-0
"
Coe,2022,"Flores-Lopez, Josue",8,2,258:00,0,0,0,.00,1,.13,1,1,0,0,"
0-0
"
Coe,2022,"Mososongo, Esaie",6,1,151:00,0,0,0,.00,4,.67,2,0,0,0,"
0-0
"
Coe,2022,"Iwamoto, Tsubasa",1,0,11:00,0,0,0,.00,0,.00,0,0,0,0,"
0-0
"
Coe,2022,"Pechmann, Brady",3,0,58:00,0,0,0,.00,1,.33,1,0,0,0,"
0-0
"
Coe,2022,"Wagner, Owen",8,1,226:00,0,0,0,.00,0,.00,0,0,0,0,"
0-0
"
Coe,2022,"Jungman, Blake",4,4,303:00,0,0,0,.00,0,.00,0,1,0,0,"
0-0
"
Coe,2022,"Fitch, Connor",7,3,235:00,0,0,0,.00,1,.14,0,1,0,0,"
0-0
"
Coe,2022,"Twight, Maxwell",6,6,494:00,0,0,0,.00,0,.00,0,0,0,0,"
0-0
"
Buena Vista,2022,"Crall, Tyler",5,0,87:00,0,0,0,.00,0,.00,0,0,0,0,"
0-0
"
Buena Vista,2022,"O'Flaherty, Aidan",2,0,26:00,0,0,0,.00,0,.00,0,0,0,0,"
0-0
"
Buena Vista,2022,"Stover, Kade",6,5,365:00,0,0,0,.00,2,.33,2,1,0,0,"
0-0
"
Buena Vista,2022,"Lopez, Carlos",4,0,15:00,0,0,0,.00,0,.00,0,0,0,0,"
0-0
"
Buena Vista,2022,"Usui, Sota",8,6,495:00,0,0,0,.00,0,.00,0,0,0,0,"
0-0
"
Buena Vista,2022,"Hamersky, Bryson",8,0,188:00,0,0,0,.00,0,.00,0,0,0,0,"
0-0
"
Buena Vista,2022,"Ekstrom, Owen",6,0,96:00,0,0,0,.00,0,.00,0,0,0,0,"
0-0
"
Buena Vista,2022,"Swanson, Caleb",8,5,478:00,0,0,0,.00,0,.00,0,0,0,0,"
0-0
"
Buena Vista,2022,"Lane, Chance",8,4,344:00,0,0,0,.00,2,.25,1,1,0,0,"
0-0
"
Buena Vista,2022,"Cota, Byron",1,0,21:00,0,0,0,.00,0,.00,0,0,0,0,"
0-0
"
Buena Vista,2022,"Shirley, Jacob",8,7,571:00,0,0,0,.00,3,.38,2,1,0,0,"
0-0
"
Buena Vista,2022,"Evans, Braedan",7,6,434:00,0,0,0,.00,0,.00,0,1,0,0,"
0-0
"
Buena Vista,2022,"Williams, Connor",8,8,681:00,0,0,0,.00,2,.25,2,2,0,0,"
0-0
"
Buena Vista,2022,"Foster, Brandon",1,0,01:00,0,0,0,.00,0,.00,0,0,0,0,"
0-0
"
Buena Vista,2022,"McIntosh, Gavin",2,0,59:00,0,0,0,.00,0,.00,0,0,0,0,"
0-0
"
Buena Vista,2022,"Rosales, Marcos",8,8,613:00,0,0,0,.00,0,.00,0,1,0,0,"
0-0
"
Buena Vista,2022,"Bardwell, Sam",6,0,120:00,0,0,0,.00,0,.00,0,0,0,0,"
0-0
"
Buena Vista,2022,"Kirchner, Jacob",6,3,322:00,0,0,0,.00,1,.17,1,0,0,0,"
0-0
"
Buena Vista,2022,"Gomez, Jovani",5,4,264:00,0,0,0,.00,1,.20,0,0,0,0,"
0-0
"
Buena Vista,2022,"Bergum, Brayden",8,6,482:00,0,0,0,.00,0,.00,0,0,0,0,"
0-0
"
Buena Vista,2022,"Adams, Charlie",8,8,659:00,0,0,0,.00,0,.00,0,0,0,0,"
0-0
"
Buena Vista,2022,"Adams, Jacob",3,3,165:00,0,0,0,.00,1,.33,1,0,0,0,"
0-0
"
Buena Vista,2022,"Garcia, Eduardo",7,7,606:00,0,0,0,.00,0,.00,0,0,1,0,"
0-0
"
Buena Vista,2022,"De Angelo, Nicholas",5,0,93:00,0,0,0,.00,0,.00,0,0,0,0,"
0-0
"
Buena Vista,2022,"Pennington, Tyler",2,0,50:00,0,0,0,.00,0,.00,0,0,0,0,"
0-0
"
Buena Vista,2022,"Fuller, Cody",4,4,355:00,0,0,0,.00,0,.00,0,0,0,0,"
0-0
"
Buena Vista,2022,"Thomas, Isaiah",4,4,315:00,0,0,0,.00,0,.00,0,0,0,0,"
0-0
"
